num_threats,avg_dist,min_dist,total_val,fighters,sams,drones,cap_sams,weather_bin,blend_ratio,primary_doctrine,target_mcts_score
7,702.115349026276,209.8568321499207,265.0,0,0,0,0,0.0,1.0,balanced,140.78669357299805
7,702.115349026276,209.8568321499207,265.0,0,0,0,0,0.0,1.0,aggressive,140.78669357299805
7,702.115349026276,209.8568321499207,265.0,0,0,0,0,0.0,1.0,fortress,140.78669357299805
7,702.115349026276,209.8568321499207,265.0,0,0,0,0,0.0,1.0,economy,140.78669357299805
7,702.115349026276,209.8568321499207,265.0,0,0,0,0,0.0,0.7,fortress,140.78669357299805
7,702.115349026276,209.8568321499207,265.0,0,0,0,0,0.0,0.5,aggressive,140.78669357299805
11,1046.0693716765347,781.7,210.0,0,0,0,0,0.0,1.0,balanced,140.78669357299805
11,1046.0693716765347,781.7,210.0,0,0,0,0,0.0,1.0,aggressive,140.78669357299805
11,1046.0693716765347,781.7,210.0,0,0,0,0,0.0,1.0,fortress,140.78669357299805
11,1046.0693716765347,781.7,210.0,0,0,0,0,0.0,1.0,economy,140.78669357299805
11,1046.0693716765347,781.7,210.0,0,0,0,0,0.0,0.7,fortress,140.78669357299805
11,1046.0693716765347,781.7,210.0,0,0,0,0,0.0,0.5,aggressive,140.78669357299805
8,1199.6265504461921,1199.2531008923845,340.0,0,0,0,0,0.0,1.0,balanced,140.78669357299805
8,1199.6265504461921,1199.2531008923845,340.0,0,0,0,0,0.0,1.0,aggressive,140.78669357299805
8,1199.6265504461921,1199.2531008923845,340.0,0,0,0,0,0.0,1.0,fortress,140.78669357299805
8,1199.6265504461921,1199.2531008923845,340.0,0,0,0,0,0.0,1.0,economy,140.78669357299805
8,1199.6265504461921,1199.2531008923845,340.0,0,0,0,0,0.0,0.7,fortress,140.78669357299805
8,1199.6265504461921,1199.2531008923845,340.0,0,0,0,0,0.0,0.5,aggressive,140.78669357299805
20,1108.00491424903,1108.00491424903,300.0,0,0,0,0,0.0,1.0,balanced,140.78669357299805
20,1108.00491424903,1108.00491424903,300.0,0,0,0,0,0.0,1.0,aggressive,140.78669357299805
20,1108.00491424903,1108.00491424903,300.0,0,0,0,0,0.0,1.0,fortress,140.78669357299805
20,1108.00491424903,1108.00491424903,300.0,0,0,0,0,0.0,1.0,economy,140.78669357299805
20,1108.00491424903,1108.00491424903,300.0,0,0,0,0,0.0,0.7,fortress,140.78669357299805
20,1108.00491424903,1108.00491424903,300.0,0,0,0,0,0.0,0.5,aggressive,140.78669357299805
10,1182.2075033784524,1181.7,800.0,0,0,0,0,0.0,1.0,balanced,140.78669357299805
10,1182.2075033784524,1181.7,800.0,0,0,0,0,0.0,1.0,aggressive,140.78669357299805
10,1182.2075033784524,1181.7,800.0,0,0,0,0,0.0,1.0,fortress,140.78669357299805
10,1182.2075033784524,1181.7,800.0,0,0,0,0,0.0,1.0,economy,140.78669357299805
10,1182.2075033784524,1181.7,800.0,0,0,0,0,0.0,0.7,fortress,140.78669357299805
10,1182.2075033784524,1181.7,800.0,0,0,0,0,0.0,0.5,aggressive,140.78669357299805
4,1097.7900397490953,1081.7115558225307,360.0,0,0,0,0,0.0,1.0,balanced,140.78669357299805
4,1097.7900397490953,1081.7115558225307,360.0,0,0,0,0,0.0,1.0,aggressive,140.78669357299805
4,1097.7900397490953,1081.7115558225307,360.0,0,0,0,0,0.0,1.0,fortress,140.78669357299805
4,1097.7900397490953,1081.7115558225307,360.0,0,0,0,0,0.0,1.0,economy,140.78669357299805
4,1097.7900397490953,1081.7115558225307,360.0,0,0,0,0,0.0,0.7,fortress,140.78669357299805
4,1097.7900397490953,1081.7115558225307,360.0,0,0,0,0,0.0,0.5,aggressive,140.78669357299805
18,1189.7263977632208,1181.710577933531,450.0,0,0,0,0,0.0,1.0,balanced,140.78669357299805
18,1189.7263977632208,1181.710577933531,450.0,0,0,0,0,0.0,1.0,aggressive,140.78669357299805
18,1189.7263977632208,1181.710577933531,450.0,0,0,0,0,0.0,1.0,fortress,140.78669357299805
18,1189.7263977632208,1181.710577933531,450.0,0,0,0,0,0.0,1.0,economy,140.78669357299805
18,1189.7263977632208,1181.710577933531,450.0,0,0,0,0,0.0,0.7,fortress,140.78669357299805
18,1189.7263977632208,1181.710577933531,450.0,0,0,0,0,0.0,0.5,aggressive,140.78669357299805
5,0.0,0.0,500.0,0,0,0,0,0.0,1.0,balanced,140.78669357299805
5,0.0,0.0,500.0,0,0,0,0,0.0,1.0,aggressive,140.78669357299805
5,0.0,0.0,500.0,0,0,0,0,0.0,1.0,fortress,140.78669357299805
5,0.0,0.0,500.0,0,0,0,0,0.0,1.0,economy,140.78669357299805
5,0.0,0.0,500.0,0,0,0,0,0.0,0.7,fortress,140.78669357299805
5,0.0,0.0,500.0,0,0,0,0,0.0,0.5,aggressive,140.78669357299805
8,1182.142436360841,1155.0324194584323,120.0,0,0,0,0,0.0,1.0,balanced,140.78669357299805
8,1182.142436360841,1155.0324194584323,120.0,0,0,0,0,0.0,1.0,aggressive,140.78669357299805
8,1182.142436360841,1155.0324194584323,120.0,0,0,0,0,0.0,1.0,fortress,140.78669357299805
8,1182.142436360841,1155.0324194584323,120.0,0,0,0,0,0.0,1.0,economy,140.78669357299805
8,1182.142436360841,1155.0324194584323,120.0,0,0,0,0,0.0,0.7,fortress,140.78669357299805
8,1182.142436360841,1155.0324194584323,120.0,0,0,0,0,0.0,0.5,aggressive,140.78669357299805
6,1195.9413780340017,1181.7,530.0,0,0,0,0,0.0,1.0,balanced,140.78669357299805
6,1195.9413780340017,1181.7,530.0,0,0,0,0,0.0,1.0,aggressive,140.78669357299805
6,1195.9413780340017,1181.7,530.0,0,0,0,0,0.0,1.0,fortress,140.78669357299805
6,1195.9413780340017,1181.7,530.0,0,0,0,0,0.0,1.0,economy,140.78669357299805
6,1195.9413780340017,1181.7,530.0,0,0,0,0,0.0,0.7,fortress,140.78669357299805
6,1195.9413780340017,1181.7,530.0,0,0,0,0,0.0,0.5,aggressive,140.78669357299805
10,1127.0795563531879,1114.63621419726,750.0,0,0,0,0,0.0,1.0,balanced,140.78669357299805
10,1127.0795563531879,1114.63621419726,750.0,0,0,0,0,0.0,1.0,aggressive,140.78669357299805
10,1127.0795563531879,1114.63621419726,750.0,0,0,0,0,0.0,1.0,fortress,140.78669357299805
10,1127.0795563531879,1114.63621419726,750.0,0,0,0,0,0.0,1.0,economy,140.78669357299805
10,1127.0795563531879,1114.63621419726,750.0,0,0,0,0,0.0,0.7,fortress,140.78669357299805
10,1127.0795563531879,1114.63621419726,750.0,0,0,0,0,0.0,0.5,aggressive,140.78669357299805
30,429.2710539345977,257.0865224005335,450.0,0,0,0,0,0.0,1.0,balanced,140.78669357299805
30,429.2710539345977,257.0865224005335,450.0,0,0,0,0,0.0,1.0,aggressive,140.78669357299805
30,429.2710539345977,257.0865224005335,450.0,0,0,0,0,0.0,1.0,fortress,140.78669357299805
30,429.2710539345977,257.0865224005335,450.0,0,0,0,0,0.0,1.0,economy,140.78669357299805
30,429.2710539345977,257.0865224005335,450.0,0,0,0,0,0.0,0.7,fortress,140.78669357299805
30,429.2710539345977,257.0865224005335,450.0,0,0,0,0,0.0,0.5,aggressive,140.78669357299805
2,702.6428202619132,223.41640494824904,180.0,0,0,0,0,0.0,1.0,balanced,140.78669357299805
2,702.6428202619132,223.41640494824904,180.0,0,0,0,0,0.0,1.0,aggressive,140.78669357299805
2,702.6428202619132,223.41640494824904,180.0,0,0,0,0,0.0,1.0,fortress,140.78669357299805
2,702.6428202619132,223.41640494824904,180.0,0,0,0,0,0.0,1.0,economy,140.78669357299805
2,702.6428202619132,223.41640494824904,180.0,0,0,0,0,0.0,0.7,fortress,140.78669357299805
2,702.6428202619132,223.41640494824904,180.0,0,0,0,0,0.0,0.5,aggressive,140.78669357299805
4,1181.8692355755775,1181.8692355755775,400.0,0,0,0,0,0.0,1.0,balanced,140.78669357299805
4,1181.8692355755775,1181.8692355755775,400.0,0,0,0,0,0.0,1.0,aggressive,140.78669357299805
4,1181.8692355755775,1181.8692355755775,400.0,0,0,0,0,0.0,1.0,fortress,140.78669357299805
4,1181.8692355755775,1181.8692355755775,400.0,0,0,0,0,0.0,1.0,economy,140.78669357299805
4,1181.8692355755775,1181.8692355755775,400.0,0,0,0,0,0.0,0.7,fortress,140.78669357299805
4,1181.8692355755775,1181.8692355755775,400.0,0,0,0,0,0.0,0.5,aggressive,140.78669357299805
10,1194.5986119065387,1181.710577933531,450.0,0,0,0,0,0.0,1.0,balanced,140.78669357299805
10,1194.5986119065387,1181.710577933531,450.0,0,0,0,0,0.0,1.0,aggressive,140.78669357299805
10,1194.5986119065387,1181.710577933531,450.0,0,0,0,0,0.0,1.0,fortress,140.78669357299805
10,1194.5986119065387,1181.710577933531,450.0,0,0,0,0,0.0,1.0,economy,140.78669357299805
10,1194.5986119065387,1181.710577933531,450.0,0,0,0,0,0.0,0.7,fortress,140.78669357299805
10,1194.5986119065387,1181.710577933531,450.0,0,0,0,0,0.0,0.5,aggressive,140.78669357299805
2,1181.7,1181.7,190.0,0,0,0,0,0.0,1.0,balanced,140.78669357299805
2,1181.7,1181.7,190.0,0,0,0,0,0.0,1.0,aggressive,140.78669357299805
2,1181.7,1181.7,190.0,0,0,0,0,0.0,1.0,fortress,140.78669357299805
2,1181.7,1181.7,190.0,0,0,0,0,0.0,1.0,economy,140.78669357299805
2,1181.7,1181.7,190.0,0,0,0,0,0.0,0.7,fortress,140.78669357299805
2,1181.7,1181.7,190.0,0,0,0,0,0.0,0.5,aggressive,140.78669357299805
15,247.5201104220723,210.9073019124753,1350.0,0,0,0,0,0.0,1.0,balanced,140.78669357299805
15,247.5201104220723,210.9073019124753,1350.0,0,0,0,0,0.0,1.0,aggressive,140.78669357299805
15,247.5201104220723,210.9073019124753,1350.0,0,0,0,0,0.0,1.0,fortress,140.78669357299805
15,247.5201104220723,210.9073019124753,1350.0,0,0,0,0,0.0,1.0,economy,140.78669357299805
15,247.5201104220723,210.9073019124753,1350.0,0,0,0,0,0.0,0.7,fortress,140.78669357299805
15,247.5201104220723,210.9073019124753,1350.0,0,0,0,0,0.0,0.5,aggressive,140.78669357299805
8,234.43788468905217,168.43363678315563,120.0,0,0,0,0,0.0,1.0,balanced,140.78669357299805
8,234.43788468905217,168.43363678315563,120.0,0,0,0,0,0.0,1.0,aggressive,140.78669357299805
8,234.43788468905217,168.43363678315563,120.0,0,0,0,0,0.0,1.0,fortress,140.78669357299805
8,234.43788468905217,168.43363678315563,120.0,0,0,0,0,0.0,1.0,economy,140.78669357299805
8,234.43788468905217,168.43363678315563,120.0,0,0,0,0,0.0,0.7,fortress,140.78669357299805
8,234.43788468905217,168.43363678315563,120.0,0,0,0,0,0.0,0.5,aggressive,140.78669357299805
6,1032.1605319947557,982.5145749555068,530.0,0,0,0,0,0.0,1.0,balanced,140.78669357299805
6,1032.1605319947557,982.5145749555068,530.0,0,0,0,0,0.0,1.0,aggressive,140.78669357299805
6,1032.1605319947557,982.5145749555068,530.0,0,0,0,0,0.0,1.0,fortress,140.78669357299805
6,1032.1605319947557,982.5145749555068,530.0,0,0,0,0,0.0,1.0,economy,140.78669357299805
6,1032.1605319947557,982.5145749555068,530.0,0,0,0,0,0.0,0.7,fortress,140.78669357299805
6,1032.1605319947557,982.5145749555068,530.0,0,0,0,0,0.0,0.5,aggressive,140.78669357299805
21,1126.6649879789625,1100.9540816946,375.0,0,0,0,0,0.0,1.0,balanced,140.78669357299805
21,1126.6649879789625,1100.9540816946,375.0,0,0,0,0,0.0,1.0,aggressive,140.78669357299805
21,1126.6649879789625,1100.9540816946,375.0,0,0,0,0,0.0,1.0,fortress,140.78669357299805
21,1126.6649879789625,1100.9540816946,375.0,0,0,0,0,0.0,1.0,economy,140.78669357299805
21,1126.6649879789625,1100.9540816946,375.0,0,0,0,0,0.0,0.7,fortress,140.78669357299805
21,1126.6649879789625,1100.9540816946,375.0,0,0,0,0,0.0,0.5,aggressive,140.78669357299805
6,600.6935779803676,95.0,540.0,0,0,0,0,0.0,1.0,balanced,140.78669357299805
6,600.6935779803676,95.0,540.0,0,0,0,0,0.0,1.0,aggressive,140.78669357299805
6,600.6935779803676,95.0,540.0,0,0,0,0,0.0,1.0,fortress,140.78669357299805
6,600.6935779803676,95.0,540.0,0,0,0,0,0.0,1.0,economy,140.78669357299805
6,600.6935779803676,95.0,540.0,0,0,0,0,0.0,0.7,fortress,140.78669357299805
6,600.6935779803676,95.0,540.0,0,0,0,0,0.0,0.5,aggressive,140.78669357299805
4,1109.1522841890474,1105.881951204558,400.0,0,0,0,0,0.0,1.0,balanced,140.78669357299805
4,1109.1522841890474,1105.881951204558,400.0,0,0,0,0,0.0,1.0,aggressive,140.78669357299805
4,1109.1522841890474,1105.881951204558,400.0,0,0,0,0,0.0,1.0,fortress,140.78669357299805
4,1109.1522841890474,1105.881951204558,400.0,0,0,0,0,0.0,1.0,economy,140.78669357299805
4,1109.1522841890474,1105.881951204558,400.0,0,0,0,0,0.0,0.7,fortress,140.78669357299805
4,1109.1522841890474,1105.881951204558,400.0,0,0,0,0,0.0,0.5,aggressive,140.78669357299805
10,703.2784493388168,168.43363678315563,150.0,0,0,0,0,0.0,1.0,balanced,140.78669357299805
10,703.2784493388168,168.43363678315563,150.0,0,0,0,0,0.0,1.0,aggressive,140.78669357299805
10,703.2784493388168,168.43363678315563,150.0,0,0,0,0,0.0,1.0,fortress,140.78669357299805
10,703.2784493388168,168.43363678315563,150.0,0,0,0,0,0.0,1.0,economy,140.78669357299805
10,703.2784493388168,168.43363678315563,150.0,0,0,0,0,0.0,0.7,fortress,140.78669357299805
10,703.2784493388168,168.43363678315563,150.0,0,0,0,0,0.0,0.5,aggressive,140.78669357299805
10,1278.390318248706,1182.5565060494996,825.0,0,0,0,0,0.0,1.0,balanced,140.78669357299805
10,1278.390318248706,1182.5565060494996,825.0,0,0,0,0,0.0,1.0,aggressive,140.78669357299805
10,1278.390318248706,1182.5565060494996,825.0,0,0,0,0,0.0,1.0,fortress,140.78669357299805
10,1278.390318248706,1182.5565060494996,825.0,0,0,0,0,0.0,1.0,economy,140.78669357299805
10,1278.390318248706,1182.5565060494996,825.0,0,0,0,0,0.0,0.7,fortress,140.78669357299805
10,1278.390318248706,1182.5565060494996,825.0,0,0,0,0,0.0,0.5,aggressive,140.78669357299805
10,1202.6295906517262,1169.0679578193904,900.0,0,0,0,0,0.0,1.0,balanced,140.78669357299805
10,1202.6295906517262,1169.0679578193904,900.0,0,0,0,0,0.0,1.0,aggressive,140.78669357299805
10,1202.6295906517262,1169.0679578193904,900.0,0,0,0,0,0.0,1.0,fortress,140.78669357299805
10,1202.6295906517262,1169.0679578193904,900.0,0,0,0,0,0.0,1.0,economy,140.78669357299805
10,1202.6295906517262,1169.0679578193904,900.0,0,0,0,0,0.0,0.7,fortress,140.78669357299805
10,1202.6295906517262,1169.0679578193904,900.0,0,0,0,0,0.0,0.5,aggressive,140.78669357299805
3,1199.1634092919585,1181.7,130.0,0,0,0,0,0.0,1.0,balanced,140.78669357299805
3,1199.1634092919585,1181.7,130.0,0,0,0,0,0.0,1.0,aggressive,140.78669357299805
3,1199.1634092919585,1181.7,130.0,0,0,0,0,0.0,1.0,fortress,140.78669357299805
3,1199.1634092919585,1181.7,130.0,0,0,0,0,0.0,1.0,economy,140.78669357299805
3,1199.1634092919585,1181.7,130.0,0,0,0,0,0.0,0.7,fortress,140.78669357299805
3,1199.1634092919585,1181.7,130.0,0,0,0,0,0.0,0.5,aggressive,140.78669357299805
15,1310.1412633594152,1181.7951979932902,1125.0,0,0,0,0,0.0,1.0,balanced,140.78669357299805
15,1310.1412633594152,1181.7951979932902,1125.0,0,0,0,0,0.0,1.0,aggressive,140.78669357299805
15,1310.1412633594152,1181.7951979932902,1125.0,0,0,0,0,0.0,1.0,fortress,140.78669357299805
15,1310.1412633594152,1181.7951979932902,1125.0,0,0,0,0,0.0,1.0,economy,140.78669357299805
15,1310.1412633594152,1181.7951979932902,1125.0,0,0,0,0,0.0,0.7,fortress,140.78669357299805
15,1310.1412633594152,1181.7951979932902,1125.0,0,0,0,0,0.0,0.5,aggressive,140.78669357299805
10,226.8642974062605,168.43363678315563,150.0,0,0,0,0,0.0,1.0,balanced,140.78669357299805
10,226.8642974062605,168.43363678315563,150.0,0,0,0,0,0.0,1.0,aggressive,140.78669357299805
10,226.8642974062605,168.43363678315563,150.0,0,0,0,0,0.0,1.0,fortress,140.78669357299805
10,226.8642974062605,168.43363678315563,150.0,0,0,0,0,0.0,1.0,economy,140.78669357299805
10,226.8642974062605,168.43363678315563,150.0,0,0,0,0,0.0,0.7,fortress,140.78669357299805
10,226.8642974062605,168.43363678315563,150.0,0,0,0,0,0.0,0.5,aggressive,140.78669357299805
6,1181.953830648643,1181.7,570.0,0,0,0,0,0.0,1.0,balanced,140.78669357299805
6,1181.953830648643,1181.7,570.0,0,0,0,0,0.0,1.0,aggressive,140.78669357299805
6,1181.953830648643,1181.7,570.0,0,0,0,0,0.0,1.0,fortress,140.78669357299805
6,1181.953830648643,1181.7,570.0,0,0,0,0,0.0,1.0,economy,140.78669357299805
6,1181.953830648643,1181.7,570.0,0,0,0,0,0.0,0.7,fortress,140.78669357299805
6,1181.953830648643,1181.7,570.0,0,0,0,0,0.0,0.5,aggressive,140.78669357299805
20,1220.466313376351,1199.3497780047321,300.0,0,0,0,0,0.0,1.0,balanced,140.78669357299805
20,1220.466313376351,1199.3497780047321,300.0,0,0,0,0,0.0,1.0,aggressive,140.78669357299805
20,1220.466313376351,1199.3497780047321,300.0,0,0,0,0,0.0,1.0,fortress,140.78669357299805
20,1220.466313376351,1199.3497780047321,300.0,0,0,0,0,0.0,1.0,economy,140.78669357299805
20,1220.466313376351,1199.3497780047321,300.0,0,0,0,0,0.0,0.7,fortress,140.78669357299805
20,1220.466313376351,1199.3497780047321,300.0,0,0,0,0,0.0,0.5,aggressive,140.78669357299805
6,709.7891003856422,209.8568321499207,450.0,0,0,0,0,0.0,1.0,balanced,140.78669357299805
6,709.7891003856422,209.8568321499207,450.0,0,0,0,0,0.0,1.0,aggressive,140.78669357299805
6,709.7891003856422,209.8568321499207,450.0,0,0,0,0,0.0,1.0,fortress,140.78669357299805
6,709.7891003856422,209.8568321499207,450.0,0,0,0,0,0.0,1.0,economy,140.78669357299805
6,709.7891003856422,209.8568321499207,450.0,0,0,0,0,0.0,0.7,fortress,140.78669357299805
6,709.7891003856422,209.8568321499207,450.0,0,0,0,0,0.0,0.5,aggressive,140.78669357299805
20,1196.0443304403886,1181.710577933531,1050.0,0,0,0,0,0.0,1.0,balanced,140.78669357299805
20,1196.0443304403886,1181.710577933531,1050.0,0,0,0,0,0.0,1.0,aggressive,140.78669357299805
20,1196.0443304403886,1181.710577933531,1050.0,0,0,0,0,0.0,1.0,fortress,140.78669357299805
20,1196.0443304403886,1181.710577933531,1050.0,0,0,0,0,0.0,1.0,economy,140.78669357299805
20,1196.0443304403886,1181.710577933531,1050.0,0,0,0,0,0.0,0.7,fortress,140.78669357299805
20,1196.0443304403886,1181.710577933531,1050.0,0,0,0,0,0.0,0.5,aggressive,140.78669357299805
2,712.9737574272638,428.95208357111403,200.0,0,0,0,0,0.0,1.0,balanced,140.78669357299805
2,712.9737574272638,428.95208357111403,200.0,0,0,0,0,0.0,1.0,aggressive,140.78669357299805
2,712.9737574272638,428.95208357111403,200.0,0,0,0,0,0.0,1.0,fortress,140.78669357299805
2,712.9737574272638,428.95208357111403,200.0,0,0,0,0,0.0,1.0,economy,140.78669357299805
2,712.9737574272638,428.95208357111403,200.0,0,0,0,0,0.0,0.7,fortress,140.78669357299805
2,712.9737574272638,428.95208357111403,200.0,0,0,0,0,0.0,0.5,aggressive,140.78669357299805
15,242.27990002263144,168.43363678315563,225.0,0,0,0,0,0.0,1.0,balanced,140.78669357299805
15,242.27990002263144,168.43363678315563,225.0,0,0,0,0,0.0,1.0,aggressive,140.78669357299805
15,242.27990002263144,168.43363678315563,225.0,0,0,0,0,0.0,1.0,fortress,140.78669357299805
15,242.27990002263144,168.43363678315563,225.0,0,0,0,0,0.0,1.0,economy,140.78669357299805
15,242.27990002263144,168.43363678315563,225.0,0,0,0,0,0.0,0.7,fortress,140.78669357299805
15,242.27990002263144,168.43363678315563,225.0,0,0,0,0,0.0,0.5,aggressive,140.78669357299805
10,1191.8346335442736,1181.710577933531,780.0,0,0,0,0,0.0,1.0,balanced,140.78669357299805
10,1191.8346335442736,1181.710577933531,780.0,0,0,0,0,0.0,1.0,aggressive,140.78669357299805
10,1191.8346335442736,1181.710577933531,780.0,0,0,0,0,0.0,1.0,fortress,140.78669357299805
10,1191.8346335442736,1181.710577933531,780.0,0,0,0,0,0.0,1.0,economy,140.78669357299805
10,1191.8346335442736,1181.710577933531,780.0,0,0,0,0,0.0,0.7,fortress,140.78669357299805
10,1191.8346335442736,1181.710577933531,780.0,0,0,0,0,0.0,0.5,aggressive,140.78669357299805
2,1181.7,1181.7,115.0,0,0,0,0,0.0,1.0,balanced,140.78669357299805
2,1181.7,1181.7,115.0,0,0,0,0,0.0,1.0,aggressive,140.78669357299805
2,1181.7,1181.7,115.0,0,0,0,0,0.0,1.0,fortress,140.78669357299805
2,1181.7,1181.7,115.0,0,0,0,0,0.0,1.0,economy,140.78669357299805
2,1181.7,1181.7,115.0,0,0,0,0,0.0,0.7,fortress,140.78669357299805
2,1181.7,1181.7,115.0,0,0,0,0,0.0,0.5,aggressive,140.78669357299805
12,1205.8253978084888,1205.8253978084888,1080.0,0,0,0,0,0.0,1.0,balanced,140.78669357299805
12,1205.8253978084888,1205.8253978084888,1080.0,0,0,0,0,0.0,1.0,aggressive,140.78669357299805
12,1205.8253978084888,1205.8253978084888,1080.0,0,0,0,0,0.0,1.0,fortress,140.78669357299805
12,1205.8253978084888,1205.8253978084888,1080.0,0,0,0,0,0.0,1.0,economy,140.78669357299805
12,1205.8253978084888,1205.8253978084888,1080.0,0,0,0,0,0.0,0.7,fortress,140.78669357299805
12,1205.8253978084888,1205.8253978084888,1080.0,0,0,0,0,0.0,0.5,aggressive,140.78669357299805
20,704.8304356359599,581.7214883430042,300.0,0,0,0,0,0.0,1.0,balanced,140.78669357299805
20,704.8304356359599,581.7214883430042,300.0,0,0,0,0,0.0,1.0,aggressive,140.78669357299805
20,704.8304356359599,581.7214883430042,300.0,0,0,0,0,0.0,1.0,fortress,140.78669357299805
20,704.8304356359599,581.7214883430042,300.0,0,0,0,0,0.0,1.0,economy,140.78669357299805
20,704.8304356359599,581.7214883430042,300.0,0,0,0,0,0.0,0.7,fortress,140.78669357299805
20,704.8304356359599,581.7214883430042,300.0,0,0,0,0,0.0,0.5,aggressive,140.78669357299805
12,1195.7826226953791,1181.710577933531,990.0,0,0,0,0,0.0,1.0,balanced,140.78669357299805
12,1195.7826226953791,1181.710577933531,990.0,0,0,0,0,0.0,1.0,aggressive,140.78669357299805
12,1195.7826226953791,1181.710577933531,990.0,0,0,0,0,0.0,1.0,fortress,140.78669357299805
12,1195.7826226953791,1181.710577933531,990.0,0,0,0,0,0.0,1.0,economy,140.78669357299805
12,1195.7826226953791,1181.710577933531,990.0,0,0,0,0,0.0,0.7,fortress,140.78669357299805
12,1195.7826226953791,1181.710577933531,990.0,0,0,0,0,0.0,0.5,aggressive,140.78669357299805
3,430.61003239590224,430.61003239590224,300.0,0,0,0,0,0.0,1.0,balanced,140.78669357299805
3,430.61003239590224,430.61003239590224,300.0,0,0,0,0,0.0,1.0,aggressive,140.78669357299805
3,430.61003239590224,430.61003239590224,300.0,0,0,0,0,0.0,1.0,fortress,140.78669357299805
3,430.61003239590224,430.61003239590224,300.0,0,0,0,0,0.0,1.0,economy,140.78669357299805
3,430.61003239590224,430.61003239590224,300.0,0,0,0,0,0.0,0.7,fortress,140.78669357299805
3,430.61003239590224,430.61003239590224,300.0,0,0,0,0,0.0,0.5,aggressive,140.78669357299805
20,1184.1589482087334,1181.710577933531,300.0,0,0,0,0,0.0,1.0,balanced,140.78669357299805
20,1184.1589482087334,1181.710577933531,300.0,0,0,0,0,0.0,1.0,aggressive,140.78669357299805
20,1184.1589482087334,1181.710577933531,300.0,0,0,0,0,0.0,1.0,fortress,140.78669357299805
20,1184.1589482087334,1181.710577933531,300.0,0,0,0,0,0.0,1.0,economy,140.78669357299805
20,1184.1589482087334,1181.710577933531,300.0,0,0,0,0,0.0,0.7,fortress,140.78669357299805
20,1184.1589482087334,1181.710577933531,300.0,0,0,0,0,0.0,0.5,aggressive,140.78669357299805
4,325.5764119219941,325.5764119219941,360.0,0,0,0,0,0.0,1.0,balanced,140.78669357299805
4,325.5764119219941,325.5764119219941,360.0,0,0,0,0,0.0,1.0,aggressive,140.78669357299805
4,325.5764119219941,325.5764119219941,360.0,0,0,0,0,0.0,1.0,fortress,140.78669357299805
4,325.5764119219941,325.5764119219941,360.0,0,0,0,0,0.0,1.0,economy,140.78669357299805
4,325.5764119219941,325.5764119219941,360.0,0,0,0,0,0.0,0.7,fortress,140.78669357299805
4,325.5764119219941,325.5764119219941,360.0,0,0,0,0,0.0,0.5,aggressive,140.78669357299805
8,238.47202528683047,168.43363678315563,600.0,0,0,0,0,0.0,1.0,balanced,140.78669357299805
8,238.47202528683047,168.43363678315563,600.0,0,0,0,0,0.0,1.0,aggressive,140.78669357299805
8,238.47202528683047,168.43363678315563,600.0,0,0,0,0,0.0,1.0,fortress,140.78669357299805
8,238.47202528683047,168.43363678315563,600.0,0,0,0,0,0.0,1.0,economy,140.78669357299805
8,238.47202528683047,168.43363678315563,600.0,0,0,0,0,0.0,0.7,fortress,140.78669357299805
8,238.47202528683047,168.43363678315563,600.0,0,0,0,0,0.0,0.5,aggressive,140.78669357299805
25,1346.11491530909,1181.710577933531,375.0,0,0,0,0,0.0,1.0,balanced,140.78669357299805
25,1346.11491530909,1181.710577933531,375.0,0,0,0,0,0.0,1.0,aggressive,140.78669357299805
25,1346.11491530909,1181.710577933531,375.0,0,0,0,0,0.0,1.0,fortress,140.78669357299805
25,1346.11491530909,1181.710577933531,375.0,0,0,0,0,0.0,1.0,economy,140.78669357299805
25,1346.11491530909,1181.710577933531,375.0,0,0,0,0,0.0,0.7,fortress,140.78669357299805
25,1346.11491530909,1181.710577933531,375.0,0,0,0,0,0.0,0.5,aggressive,140.78669357299805
10,644.3001012208919,27.108854641979995,825.0,0,0,0,0,0.0,1.0,balanced,140.78669357299805
10,644.3001012208919,27.108854641979995,825.0,0,0,0,0,0.0,1.0,aggressive,140.78669357299805
10,644.3001012208919,27.108854641979995,825.0,0,0,0,0,0.0,1.0,fortress,140.78669357299805
10,644.3001012208919,27.108854641979995,825.0,0,0,0,0,0.0,1.0,economy,140.78669357299805
10,644.3001012208919,27.108854641979995,825.0,0,0,0,0,0.0,0.7,fortress,140.78669357299805
10,644.3001012208919,27.108854641979995,825.0,0,0,0,0,0.0,0.5,aggressive,140.78669357299805
4,1194.0541710269044,1181.7951979932902,230.0,0,0,0,0,0.0,1.0,balanced,140.78669357299805
4,1194.0541710269044,1181.7951979932902,230.0,0,0,0,0,0.0,1.0,aggressive,140.78669357299805
4,1194.0541710269044,1181.7951979932902,230.0,0,0,0,0,0.0,1.0,fortress,140.78669357299805
4,1194.0541710269044,1181.7951979932902,230.0,0,0,0,0,0.0,1.0,economy,140.78669357299805
4,1194.0541710269044,1181.7951979932902,230.0,0,0,0,0,0.0,0.7,fortress,140.78669357299805
4,1194.0541710269044,1181.7951979932902,230.0,0,0,0,0,0.0,0.5,aggressive,140.78669357299805
15,2673.2724338871835,2476.0452116227602,1350.0,0,0,0,0,0.0,1.0,balanced,140.78669357299805
15,2673.2724338871835,2476.0452116227602,1350.0,0,0,0,0,0.0,1.0,aggressive,140.78669357299805
15,2673.2724338871835,2476.0452116227602,1350.0,0,0,0,0,0.0,1.0,fortress,140.78669357299805
15,2673.2724338871835,2476.0452116227602,1350.0,0,0,0,0,0.0,1.0,economy,140.78669357299805
15,2673.2724338871835,2476.0452116227602,1350.0,0,0,0,0,0.0,0.7,fortress,140.78669357299805
15,2673.2724338871835,2476.0452116227602,1350.0,0,0,0,0,0.0,0.5,aggressive,140.78669357299805
10,1208.182311589783,1199.3497780047321,990.0,0,0,0,0,0.0,1.0,balanced,140.78669357299805
10,1208.182311589783,1199.3497780047321,990.0,0,0,0,0,0.0,1.0,aggressive,140.78669357299805
10,1208.182311589783,1199.3497780047321,990.0,0,0,0,0,0.0,1.0,fortress,140.78669357299805
10,1208.182311589783,1199.3497780047321,990.0,0,0,0,0,0.0,1.0,economy,140.78669357299805
10,1208.182311589783,1199.3497780047321,990.0,0,0,0,0,0.0,0.7,fortress,140.78669357299805
10,1208.182311589783,1199.3497780047321,990.0,0,0,0,0,0.0,0.5,aggressive,140.78669357299805
6,963.35,905.0,450.0,0,0,0,0,0.0,1.0,balanced,140.78669357299805
6,963.35,905.0,450.0,0,0,0,0,0.0,1.0,aggressive,140.78669357299805
6,963.35,905.0,450.0,0,0,0,0,0.0,1.0,fortress,140.78669357299805
6,963.35,905.0,450.0,0,0,0,0,0.0,1.0,economy,140.78669357299805
6,963.35,905.0,450.0,0,0,0,0,0.0,0.7,fortress,140.78669357299805
6,963.35,905.0,450.0,0,0,0,0,0.0,0.5,aggressive,140.78669357299805
8,1211.7825511677465,1181.7,760.0,0,0,0,0,0.0,1.0,balanced,140.78669357299805
8,1211.7825511677465,1181.7,760.0,0,0,0,0,0.0,1.0,aggressive,140.78669357299805
8,1211.7825511677465,1181.7,760.0,0,0,0,0,0.0,1.0,fortress,140.78669357299805
8,1211.7825511677465,1181.7,760.0,0,0,0,0,0.0,1.0,economy,140.78669357299805
8,1211.7825511677465,1181.7,760.0,0,0,0,0,0.0,0.7,fortress,140.78669357299805
8,1211.7825511677465,1181.7,760.0,0,0,0,0,0.0,0.5,aggressive,140.78669357299805
10,471.49811466793597,286.00505240292523,150.0,0,0,0,0,0.0,1.0,balanced,140.78669357299805
10,471.49811466793597,286.00505240292523,150.0,0,0,0,0,0.0,1.0,aggressive,140.78669357299805
10,471.49811466793597,286.00505240292523,150.0,0,0,0,0,0.0,1.0,fortress,140.78669357299805
10,471.49811466793597,286.00505240292523,150.0,0,0,0,0,0.0,1.0,economy,140.78669357299805
10,471.49811466793597,286.00505240292523,150.0,0,0,0,0,0.0,0.7,fortress,140.78669357299805
10,471.49811466793597,286.00505240292523,150.0,0,0,0,0,0.0,0.5,aggressive,140.78669357299805
6,1181.8339732426923,1181.7,360.0,0,0,0,0,0.0,1.0,balanced,140.78669357299805
6,1181.8339732426923,1181.7,360.0,0,0,0,0,0.0,1.0,aggressive,140.78669357299805
6,1181.8339732426923,1181.7,360.0,0,0,0,0,0.0,1.0,fortress,140.78669357299805
6,1181.8339732426923,1181.7,360.0,0,0,0,0,0.0,1.0,economy,140.78669357299805
6,1181.8339732426923,1181.7,360.0,0,0,0,0,0.0,0.7,fortress,140.78669357299805
6,1181.8339732426923,1181.7,360.0,0,0,0,0,0.0,0.5,aggressive,140.78669357299805
5,1010.6111467819858,1010.6111467819857,500.0,0,0,0,0,0.0,1.0,balanced,140.78669357299805
5,1010.6111467819858,1010.6111467819857,500.0,0,0,0,0,0.0,1.0,aggressive,140.78669357299805
5,1010.6111467819858,1010.6111467819857,500.0,0,0,0,0,0.0,1.0,fortress,140.78669357299805
5,1010.6111467819858,1010.6111467819857,500.0,0,0,0,0,0.0,1.0,economy,140.78669357299805
5,1010.6111467819858,1010.6111467819857,500.0,0,0,0,0,0.0,0.7,fortress,140.78669357299805
5,1010.6111467819858,1010.6111467819857,500.0,0,0,0,0,0.0,0.5,aggressive,140.78669357299805
30,1250.0,1105.0,450.0,0,0,0,0,0.0,1.0,balanced,140.78669357299805
30,1250.0,1105.0,450.0,0,0,0,0,0.0,1.0,aggressive,140.78669357299805
30,1250.0,1105.0,450.0,0,0,0,0,0.0,1.0,fortress,140.78669357299805
30,1250.0,1105.0,450.0,0,0,0,0,0.0,1.0,economy,140.78669357299805
30,1250.0,1105.0,450.0,0,0,0,0,0.0,0.7,fortress,140.78669357299805
30,1250.0,1105.0,450.0,0,0,0,0,0.0,0.5,aggressive,140.78669357299805
8,708.9340003896971,198.42351171169207,720.0,0,0,0,0,0.0,1.0,balanced,140.78669357299805
8,708.9340003896971,198.42351171169207,720.0,0,0,0,0,0.0,1.0,aggressive,140.78669357299805
8,708.9340003896971,198.42351171169207,720.0,0,0,0,0,0.0,1.0,fortress,140.78669357299805
8,708.9340003896971,198.42351171169207,720.0,0,0,0,0,0.0,1.0,economy,140.78669357299805
8,708.9340003896971,198.42351171169207,720.0,0,0,0,0,0.0,0.7,fortress,140.78669357299805
8,708.9340003896971,198.42351171169207,720.0,0,0,0,0,0.0,0.5,aggressive,140.78669357299805
3,209.8568321499207,209.8568321499207,300.0,0,0,0,0,0.0,1.0,balanced,140.78669357299805
3,209.8568321499207,209.8568321499207,300.0,0,0,0,0,0.0,1.0,aggressive,140.78669357299805
3,209.8568321499207,209.8568321499207,300.0,0,0,0,0,0.0,1.0,fortress,140.78669357299805
3,209.8568321499207,209.8568321499207,300.0,0,0,0,0,0.0,1.0,economy,140.78669357299805
3,209.8568321499207,209.8568321499207,300.0,0,0,0,0,0.0,0.7,fortress,140.78669357299805
3,209.8568321499207,209.8568321499207,300.0,0,0,0,0,0.0,0.5,aggressive,140.78669357299805
12,1176.9775206440916,930.9564382934359,280.0,0,0,0,0,0.0,1.0,balanced,140.78669357299805
12,1176.9775206440916,930.9564382934359,280.0,0,0,0,0,0.0,1.0,aggressive,140.78669357299805
12,1176.9775206440916,930.9564382934359,280.0,0,0,0,0,0.0,1.0,fortress,140.78669357299805
12,1176.9775206440916,930.9564382934359,280.0,0,0,0,0,0.0,1.0,economy,140.78669357299805
12,1176.9775206440916,930.9564382934359,280.0,0,0,0,0,0.0,0.7,fortress,140.78669357299805
12,1176.9775206440916,930.9564382934359,280.0,0,0,0,0,0.0,0.5,aggressive,140.78669357299805
32,783.6395131563046,705.2374706437541,600.0,0,0,0,0,0.0,1.0,balanced,140.78669357299805
32,783.6395131563046,705.2374706437541,600.0,0,0,0,0,0.0,1.0,aggressive,140.78669357299805
32,783.6395131563046,705.2374706437541,600.0,0,0,0,0,0.0,1.0,fortress,140.78669357299805
32,783.6395131563046,705.2374706437541,600.0,0,0,0,0,0.0,1.0,economy,140.78669357299805
32,783.6395131563046,705.2374706437541,600.0,0,0,0,0,0.0,0.7,fortress,140.78669357299805
32,783.6395131563046,705.2374706437541,600.0,0,0,0,0,0.0,0.5,aggressive,140.78669357299805
2,1117.9924625629772,1092.7487771670121,200.0,0,0,0,0,0.0,1.0,balanced,140.78669357299805
2,1117.9924625629772,1092.7487771670121,200.0,0,0,0,0,0.0,1.0,aggressive,140.78669357299805
2,1117.9924625629772,1092.7487771670121,200.0,0,0,0,0,0.0,1.0,fortress,140.78669357299805
2,1117.9924625629772,1092.7487771670121,200.0,0,0,0,0,0.0,1.0,economy,140.78669357299805
2,1117.9924625629772,1092.7487771670121,200.0,0,0,0,0,0.0,0.7,fortress,140.78669357299805
2,1117.9924625629772,1092.7487771670121,200.0,0,0,0,0,0.0,0.5,aggressive,140.78669357299805
3,1090.5299308659744,1081.7,180.0,0,0,0,0,0.0,1.0,balanced,140.78669357299805
3,1090.5299308659744,1081.7,180.0,0,0,0,0,0.0,1.0,aggressive,140.78669357299805
3,1090.5299308659744,1081.7,180.0,0,0,0,0,0.0,1.0,fortress,140.78669357299805
3,1090.5299308659744,1081.7,180.0,0,0,0,0,0.0,1.0,economy,140.78669357299805
3,1090.5299308659744,1081.7,180.0,0,0,0,0,0.0,0.7,fortress,140.78669357299805
3,1090.5299308659744,1081.7,180.0,0,0,0,0,0.0,0.5,aggressive,140.78669357299805
6,1193.8298966915763,1181.7,525.0,0,0,0,0,0.0,1.0,balanced,140.78669357299805
6,1193.8298966915763,1181.7,525.0,0,0,0,0,0.0,1.0,aggressive,140.78669357299805
6,1193.8298966915763,1181.7,525.0,0,0,0,0,0.0,1.0,fortress,140.78669357299805
6,1193.8298966915763,1181.7,525.0,0,0,0,0,0.0,1.0,economy,140.78669357299805
6,1193.8298966915763,1181.7,525.0,0,0,0,0,0.0,0.7,fortress,140.78669357299805
6,1193.8298966915763,1181.7,525.0,0,0,0,0,0.0,0.5,aggressive,140.78669357299805
12,1202.0852761242243,1181.7423111660173,330.0,0,0,0,0,0.0,1.0,balanced,140.78669357299805
12,1202.0852761242243,1181.7423111660173,330.0,0,0,0,0,0.0,1.0,aggressive,140.78669357299805
12,1202.0852761242243,1181.7423111660173,330.0,0,0,0,0,0.0,1.0,fortress,140.78669357299805
12,1202.0852761242243,1181.7423111660173,330.0,0,0,0,0,0.0,1.0,economy,140.78669357299805
12,1202.0852761242243,1181.7423111660173,330.0,0,0,0,0,0.0,0.7,fortress,140.78669357299805
12,1202.0852761242243,1181.7423111660173,330.0,0,0,0,0,0.0,0.5,aggressive,140.78669357299805
20,1181.756272454632,1181.7004231191593,1500.0,0,0,0,0,0.0,1.0,balanced,140.78669357299805
20,1181.756272454632,1181.7004231191593,1500.0,0,0,0,0,0.0,1.0,aggressive,140.78669357299805
20,1181.756272454632,1181.7004231191593,1500.0,0,0,0,0,0.0,1.0,fortress,140.78669357299805
20,1181.756272454632,1181.7004231191593,1500.0,0,0,0,0,0.0,1.0,economy,140.78669357299805
20,1181.756272454632,1181.7004231191593,1500.0,0,0,0,0,0.0,0.7,fortress,140.78669357299805
20,1181.756272454632,1181.7004231191593,1500.0,0,0,0,0,0.0,0.5,aggressive,140.78669357299805
1,220.54453065084158,220.54453065084158,100.0,0,0,0,0,0.0,1.0,balanced,140.78669357299805
1,220.54453065084158,220.54453065084158,100.0,0,0,0,0,0.0,1.0,aggressive,140.78669357299805
1,220.54453065084158,220.54453065084158,100.0,0,0,0,0,0.0,1.0,fortress,140.78669357299805
1,220.54453065084158,220.54453065084158,100.0,0,0,0,0,0.0,1.0,economy,140.78669357299805
1,220.54453065084158,220.54453065084158,100.0,0,0,0,0,0.0,0.7,fortress,140.78669357299805
1,220.54453065084158,220.54453065084158,100.0,0,0,0,0,0.0,0.5,aggressive,140.78669357299805
20,1069.2660740114281,999.3541364301245,1400.0,0,0,0,0,0.0,1.0,balanced,140.78669357299805
20,1069.2660740114281,999.3541364301245,1400.0,0,0,0,0,0.0,1.0,aggressive,140.78669357299805
20,1069.2660740114281,999.3541364301245,1400.0,0,0,0,0,0.0,1.0,fortress,140.78669357299805
20,1069.2660740114281,999.3541364301245,1400.0,0,0,0,0,0.0,1.0,economy,140.78669357299805
20,1069.2660740114281,999.3541364301245,1400.0,0,0,0,0,0.0,0.7,fortress,140.78669357299805
20,1069.2660740114281,999.3541364301245,1400.0,0,0,0,0,0.0,0.5,aggressive,140.78669357299805
8,809.3569991034334,411.12650121343427,600.0,0,0,0,0,0.0,1.0,balanced,140.78669357299805
8,809.3569991034334,411.12650121343427,600.0,0,0,0,0,0.0,1.0,aggressive,140.78669357299805
8,809.3569991034334,411.12650121343427,600.0,0,0,0,0,0.0,1.0,fortress,140.78669357299805
8,809.3569991034334,411.12650121343427,600.0,0,0,0,0,0.0,1.0,economy,140.78669357299805
8,809.3569991034334,411.12650121343427,600.0,0,0,0,0,0.0,0.7,fortress,140.78669357299805
8,809.3569991034334,411.12650121343427,600.0,0,0,0,0,0.0,0.5,aggressive,140.78669357299805
15,325.5764119219941,325.5764119219941,225.0,0,0,0,0,0.0,1.0,balanced,140.78669357299805
15,325.5764119219941,325.5764119219941,225.0,0,0,0,0,0.0,1.0,aggressive,140.78669357299805
15,325.5764119219941,325.5764119219941,225.0,0,0,0,0,0.0,1.0,fortress,140.78669357299805
15,325.5764119219941,325.5764119219941,225.0,0,0,0,0,0.0,1.0,economy,140.78669357299805
15,325.5764119219941,325.5764119219941,225.0,0,0,0,0,0.0,0.7,fortress,140.78669357299805
15,325.5764119219941,325.5764119219941,225.0,0,0,0,0,0.0,0.5,aggressive,140.78669357299805
3,981.7000000000002,981.7,205.0,0,0,0,0,0.0,1.0,balanced,140.78669357299805
3,981.7000000000002,981.7,205.0,0,0,0,0,0.0,1.0,aggressive,140.78669357299805
3,981.7000000000002,981.7,205.0,0,0,0,0,0.0,1.0,fortress,140.78669357299805
3,981.7000000000002,981.7,205.0,0,0,0,0,0.0,1.0,economy,140.78669357299805
3,981.7000000000002,981.7,205.0,0,0,0,0,0.0,0.7,fortress,140.78669357299805
3,981.7000000000002,981.7,205.0,0,0,0,0,0.0,0.5,aggressive,140.78669357299805
50,1183.0886983614475,1081.7115558225307,500.0,0,0,0,0,0.0,1.0,balanced,140.78669357299805
50,1183.0886983614475,1081.7115558225307,500.0,0,0,0,0,0.0,1.0,aggressive,-244.21330642700195
50,1183.0886983614475,1081.7115558225307,500.0,0,0,0,0,0.0,1.0,fortress,140.78669357299805
50,1183.0886983614475,1081.7115558225307,500.0,0,0,0,0,0.0,1.0,economy,140.78669357299805
50,1183.0886983614475,1081.7115558225307,500.0,0,0,0,0,0.0,0.7,fortress,140.78669357299805
50,1183.0886983614475,1081.7115558225307,500.0,0,0,0,0,0.0,0.5,aggressive,140.78669357299805
4,1193.7626989042444,1181.7,380.0,0,0,0,0,0.0,1.0,balanced,140.78669357299805
4,1193.7626989042444,1181.7,380.0,0,0,0,0,0.0,1.0,aggressive,140.78669357299805
4,1193.7626989042444,1181.7,380.0,0,0,0,0,0.0,1.0,fortress,140.78669357299805
4,1193.7626989042444,1181.7,380.0,0,0,0,0,0.0,1.0,economy,140.78669357299805
4,1193.7626989042444,1181.7,380.0,0,0,0,0,0.0,0.7,fortress,140.78669357299805
4,1193.7626989042444,1181.7,380.0,0,0,0,0,0.0,0.5,aggressive,140.78669357299805
4,245.53305870532063,168.43363678315563,300.0,0,0,0,0,0.0,1.0,balanced,140.78669357299805
4,245.53305870532063,168.43363678315563,300.0,0,0,0,0,0.0,1.0,aggressive,140.78669357299805
4,245.53305870532063,168.43363678315563,300.0,0,0,0,0,0.0,1.0,fortress,140.78669357299805
4,245.53305870532063,168.43363678315563,300.0,0,0,0,0,0.0,1.0,economy,140.78669357299805
4,245.53305870532063,168.43363678315563,300.0,0,0,0,0,0.0,0.7,fortress,140.78669357299805
4,245.53305870532063,168.43363678315563,300.0,0,0,0,0,0.0,0.5,aggressive,140.78669357299805
9,608.2275778663598,381.9946203809682,360.0,0,0,0,0,0.0,1.0,balanced,140.78669357299805
9,608.2275778663598,381.9946203809682,360.0,0,0,0,0,0.0,1.0,aggressive,140.78669357299805
9,608.2275778663598,381.9946203809682,360.0,0,0,0,0,0.0,1.0,fortress,140.78669357299805
9,608.2275778663598,381.9946203809682,360.0,0,0,0,0,0.0,1.0,economy,140.78669357299805
9,608.2275778663598,381.9946203809682,360.0,0,0,0,0,0.0,0.7,fortress,140.78669357299805
9,608.2275778663598,381.9946203809682,360.0,0,0,0,0,0.0,0.5,aggressive,140.78669357299805
10,1182.2180677092451,1181.710577933531,1000.0,0,0,0,0,0.0,1.0,balanced,140.78669357299805
10,1182.2180677092451,1181.710577933531,1000.0,0,0,0,0,0.0,1.0,aggressive,140.78669357299805
10,1182.2180677092451,1181.710577933531,1000.0,0,0,0,0,0.0,1.0,fortress,140.78669357299805
10,1182.2180677092451,1181.710577933531,1000.0,0,0,0,0,0.0,1.0,economy,140.78669357299805
10,1182.2180677092451,1181.710577933531,1000.0,0,0,0,0,0.0,0.7,fortress,140.78669357299805
10,1182.2180677092451,1181.710577933531,1000.0,0,0,0,0,0.0,0.5,aggressive,140.78669357299805
5,1191.3840062385111,1181.7,50.0,0,0,0,0,0.0,1.0,balanced,140.78669357299805
5,1191.3840062385111,1181.7,50.0,0,0,0,0,0.0,1.0,aggressive,140.78669357299805
5,1191.3840062385111,1181.7,50.0,0,0,0,0,0.0,1.0,fortress,140.78669357299805
5,1191.3840062385111,1181.7,50.0,0,0,0,0,0.0,1.0,economy,140.78669357299805
5,1191.3840062385111,1181.7,50.0,0,0,0,0,0.0,0.7,fortress,140.78669357299805
5,1191.3840062385111,1181.7,50.0,0,0,0,0,0.0,0.5,aggressive,140.78669357299805
3,106.46666666666663,69.39999999999998,265.0,0,0,0,0,0.0,1.0,balanced,140.78669357299805
3,106.46666666666663,69.39999999999998,265.0,0,0,0,0,0.0,1.0,aggressive,140.78669357299805
3,106.46666666666663,69.39999999999998,265.0,0,0,0,0,0.0,1.0,fortress,140.78669357299805
3,106.46666666666663,69.39999999999998,265.0,0,0,0,0,0.0,1.0,economy,140.78669357299805
3,106.46666666666663,69.39999999999998,265.0,0,0,0,0,0.0,0.7,fortress,140.78669357299805
3,106.46666666666663,69.39999999999998,265.0,0,0,0,0,0.0,0.5,aggressive,140.78669357299805
8,482.6697915344194,465.83246988590224,120.0,0,0,0,0,0.0,1.0,balanced,140.78669357299805
8,482.6697915344194,465.83246988590224,120.0,0,0,0,0,0.0,1.0,aggressive,140.78669357299805
8,482.6697915344194,465.83246988590224,120.0,0,0,0,0,0.0,1.0,fortress,140.78669357299805
8,482.6697915344194,465.83246988590224,120.0,0,0,0,0,0.0,1.0,economy,140.78669357299805
8,482.6697915344194,465.83246988590224,120.0,0,0,0,0,0.0,0.7,fortress,140.78669357299805
8,482.6697915344194,465.83246988590224,120.0,0,0,0,0,0.0,0.5,aggressive,140.78669357299805
12,1182.2710040329996,1181.7,900.0,0,0,0,0,0.0,1.0,balanced,140.78669357299805
12,1182.2710040329996,1181.7,900.0,0,0,0,0,0.0,1.0,aggressive,140.78669357299805
12,1182.2710040329996,1181.7,900.0,0,0,0,0,0.0,1.0,fortress,140.78669357299805
12,1182.2710040329996,1181.7,900.0,0,0,0,0,0.0,1.0,economy,140.78669357299805
12,1182.2710040329996,1181.7,900.0,0,0,0,0,0.0,0.7,fortress,140.78669357299805
12,1182.2710040329996,1181.7,900.0,0,0,0,0,0.0,0.5,aggressive,140.78669357299805
6,222.40962653513407,132.54391725009486,540.0,0,0,0,0,0.0,1.0,balanced,140.78669357299805
6,222.40962653513407,132.54391725009486,540.0,0,0,0,0,0.0,1.0,aggressive,140.78669357299805
6,222.40962653513407,132.54391725009486,540.0,0,0,0,0,0.0,1.0,fortress,140.78669357299805
6,222.40962653513407,132.54391725009486,540.0,0,0,0,0,0.0,1.0,economy,140.78669357299805
6,222.40962653513407,132.54391725009486,540.0,0,0,0,0,0.0,0.7,fortress,140.78669357299805
6,222.40962653513407,132.54391725009486,540.0,0,0,0,0,0.0,0.5,aggressive,140.78669357299805
22,1265.344315761387,1181.710577933531,480.0,0,0,0,0,0.0,1.0,balanced,140.78669357299805
22,1265.344315761387,1181.710577933531,480.0,0,0,0,0,0.0,1.0,aggressive,140.78669357299805
22,1265.344315761387,1181.710577933531,480.0,0,0,0,0,0.0,1.0,fortress,140.78669357299805
22,1265.344315761387,1181.710577933531,480.0,0,0,0,0,0.0,1.0,economy,140.78669357299805
22,1265.344315761387,1181.710577933531,480.0,0,0,0,0,0.0,0.7,fortress,140.78669357299805
22,1265.344315761387,1181.710577933531,480.0,0,0,0,0,0.0,0.5,aggressive,140.78669357299805
2,1193.847316692033,1181.8692355755775,200.0,0,0,0,0,0.0,1.0,balanced,140.78669357299805
2,1193.847316692033,1181.8692355755775,200.0,0,0,0,0,0.0,1.0,aggressive,140.78669357299805
2,1193.847316692033,1181.8692355755775,200.0,0,0,0,0,0.0,1.0,fortress,140.78669357299805
2,1193.847316692033,1181.8692355755775,200.0,0,0,0,0,0.0,1.0,economy,140.78669357299805
2,1193.847316692033,1181.8692355755775,200.0,0,0,0,0,0.0,0.7,fortress,140.78669357299805
2,1193.847316692033,1181.8692355755775,200.0,0,0,0,0,0.0,0.5,aggressive,140.78669357299805
5,1155.0324194584323,1155.0324194584323,375.0,0,0,0,0,0.0,1.0,balanced,140.78669357299805
5,1155.0324194584323,1155.0324194584323,375.0,0,0,0,0,0.0,1.0,aggressive,140.78669357299805
5,1155.0324194584323,1155.0324194584323,375.0,0,0,0,0,0.0,1.0,fortress,140.78669357299805
5,1155.0324194584323,1155.0324194584323,375.0,0,0,0,0,0.0,1.0,economy,140.78669357299805
5,1155.0324194584323,1155.0324194584323,375.0,0,0,0,0,0.0,0.7,fortress,140.78669357299805
5,1155.0324194584323,1155.0324194584323,375.0,0,0,0,0,0.0,0.5,aggressive,140.78669357299805
10,1053.460708518156,816.0882305241266,900.0,0,0,0,0,0.0,1.0,balanced,140.78669357299805
10,1053.460708518156,816.0882305241266,900.0,0,0,0,0,0.0,1.0,aggressive,140.78669357299805
10,1053.460708518156,816.0882305241266,900.0,0,0,0,0,0.0,1.0,fortress,140.78669357299805
10,1053.460708518156,816.0882305241266,900.0,0,0,0,0,0.0,1.0,economy,140.78669357299805
10,1053.460708518156,816.0882305241266,900.0,0,0,0,0,0.0,0.7,fortress,140.78669357299805
10,1053.460708518156,816.0882305241266,900.0,0,0,0,0,0.0,0.5,aggressive,140.78669357299805
11,1046.3506211045383,209.8568321499207,250.0,0,0,0,0,0.0,1.0,balanced,140.78669357299805
11,1046.3506211045383,209.8568321499207,250.0,0,0,0,0,0.0,1.0,aggressive,140.78669357299805
11,1046.3506211045383,209.8568321499207,250.0,0,0,0,0,0.0,1.0,fortress,140.78669357299805
11,1046.3506211045383,209.8568321499207,250.0,0,0,0,0,0.0,1.0,economy,140.78669357299805
11,1046.3506211045383,209.8568321499207,250.0,0,0,0,0,0.0,0.7,fortress,140.78669357299805
11,1046.3506211045383,209.8568321499207,250.0,0,0,0,0,0.0,0.5,aggressive,140.78669357299805
15,1091.2321545710836,1081.7115558225307,1125.0,0,0,0,0,0.0,1.0,balanced,140.78669357299805
15,1091.2321545710836,1081.7115558225307,1125.0,0,0,0,0,0.0,1.0,aggressive,140.78669357299805
15,1091.2321545710836,1081.7115558225307,1125.0,0,0,0,0,0.0,1.0,fortress,140.78669357299805
15,1091.2321545710836,1081.7115558225307,1125.0,0,0,0,0,0.0,1.0,economy,140.78669357299805
15,1091.2321545710836,1081.7115558225307,1125.0,0,0,0,0,0.0,0.7,fortress,140.78669357299805
15,1091.2321545710836,1081.7115558225307,1125.0,0,0,0,0,0.0,0.5,aggressive,140.78669357299805
16,1081.9772701580976,1081.7,1120.0,0,0,0,0,0.0,1.0,balanced,140.78669357299805
16,1081.9772701580976,1081.7,1120.0,0,0,0,0,0.0,1.0,aggressive,140.78669357299805
16,1081.9772701580976,1081.7,1120.0,0,0,0,0,0.0,1.0,fortress,140.78669357299805
16,1081.9772701580976,1081.7,1120.0,0,0,0,0,0.0,1.0,economy,140.78669357299805
16,1081.9772701580976,1081.7,1120.0,0,0,0,0,0.0,0.7,fortress,140.78669357299805
16,1081.9772701580976,1081.7,1120.0,0,0,0,0,0.0,0.5,aggressive,140.78669357299805
7,0.0,0.0,105.0,0,0,0,0,0.0,1.0,balanced,140.78669357299805
7,0.0,0.0,105.0,0,0,0,0,0.0,1.0,aggressive,140.78669357299805
7,0.0,0.0,105.0,0,0,0,0,0.0,1.0,fortress,140.78669357299805
7,0.0,0.0,105.0,0,0,0,0,0.0,1.0,economy,140.78669357299805
7,0.0,0.0,105.0,0,0,0,0,0.0,0.7,fortress,140.78669357299805
7,0.0,0.0,105.0,0,0,0,0,0.0,0.5,aggressive,140.78669357299805
2,1023.4012376473252,428.95208357111403,200.0,0,0,0,0,0.0,1.0,balanced,140.78669357299805
2,1023.4012376473252,428.95208357111403,200.0,0,0,0,0,0.0,1.0,aggressive,140.78669357299805
2,1023.4012376473252,428.95208357111403,200.0,0,0,0,0,0.0,1.0,fortress,140.78669357299805
2,1023.4012376473252,428.95208357111403,200.0,0,0,0,0,0.0,1.0,economy,140.78669357299805
2,1023.4012376473252,428.95208357111403,200.0,0,0,0,0,0.0,0.7,fortress,140.78669357299805
2,1023.4012376473252,428.95208357111403,200.0,0,0,0,0,0.0,0.5,aggressive,140.78669357299805
8,1067.2943088907036,983.2394876122501,720.0,0,0,0,0,0.0,1.0,balanced,140.78669357299805
8,1067.2943088907036,983.2394876122501,720.0,0,0,0,0,0.0,1.0,aggressive,140.78669357299805
8,1067.2943088907036,983.2394876122501,720.0,0,0,0,0,0.0,1.0,fortress,140.78669357299805
8,1067.2943088907036,983.2394876122501,720.0,0,0,0,0,0.0,1.0,economy,140.78669357299805
8,1067.2943088907036,983.2394876122501,720.0,0,0,0,0,0.0,0.7,fortress,140.78669357299805
8,1067.2943088907036,983.2394876122501,720.0,0,0,0,0,0.0,0.5,aggressive,140.78669357299805
30,1213.7340972112036,1181.710577933531,750.0,0,0,0,0,0.0,1.0,balanced,140.78669357299805
30,1213.7340972112036,1181.710577933531,750.0,0,0,0,0,0.0,1.0,aggressive,140.78669357299805
30,1213.7340972112036,1181.710577933531,750.0,0,0,0,0,0.0,1.0,fortress,140.78669357299805
30,1213.7340972112036,1181.710577933531,750.0,0,0,0,0,0.0,1.0,economy,140.78669357299805
30,1213.7340972112036,1181.710577933531,750.0,0,0,0,0,0.0,0.7,fortress,140.78669357299805
30,1213.7340972112036,1181.710577933531,750.0,0,0,0,0,0.0,0.5,aggressive,140.78669357299805
1,1617.8503917235364,1617.8503917235364,100.0,0,0,0,0,0.0,1.0,balanced,140.78669357299805
1,1617.8503917235364,1617.8503917235364,100.0,0,0,0,0,0.0,1.0,aggressive,140.78669357299805
1,1617.8503917235364,1617.8503917235364,100.0,0,0,0,0,0.0,1.0,fortress,140.78669357299805
1,1617.8503917235364,1617.8503917235364,100.0,0,0,0,0,0.0,1.0,economy,140.78669357299805
1,1617.8503917235364,1617.8503917235364,100.0,0,0,0,0,0.0,0.7,fortress,140.78669357299805
1,1617.8503917235364,1617.8503917235364,100.0,0,0,0,0,0.0,0.5,aggressive,140.78669357299805
12,1186.098814959014,1181.710577933531,330.0,0,0,0,0,0.0,1.0,balanced,140.78669357299805
12,1186.098814959014,1181.710577933531,330.0,0,0,0,0,0.0,1.0,aggressive,140.78669357299805
12,1186.098814959014,1181.710577933531,330.0,0,0,0,0,0.0,1.0,fortress,140.78669357299805
12,1186.098814959014,1181.710577933531,330.0,0,0,0,0,0.0,1.0,economy,140.78669357299805
12,1186.098814959014,1181.710577933531,330.0,0,0,0,0,0.0,0.7,fortress,140.78669357299805
12,1186.098814959014,1181.710577933531,330.0,0,0,0,0,0.0,0.5,aggressive,140.78669357299805
12,1468.9669706686889,1452.7353131248651,900.0,0,0,0,0,0.0,1.0,balanced,140.78669357299805
12,1468.9669706686889,1452.7353131248651,900.0,0,0,0,0,0.0,1.0,aggressive,140.78669357299805
12,1468.9669706686889,1452.7353131248651,900.0,0,0,0,0,0.0,1.0,fortress,140.78669357299805
12,1468.9669706686889,1452.7353131248651,900.0,0,0,0,0,0.0,1.0,economy,140.78669357299805
12,1468.9669706686889,1452.7353131248651,900.0,0,0,0,0,0.0,0.7,fortress,140.78669357299805
12,1468.9669706686889,1452.7353131248651,900.0,0,0,0,0,0.0,0.5,aggressive,140.78669357299805
8,1082.1331722244593,1081.7,420.0,0,0,0,0,0.0,1.0,balanced,140.78669357299805
8,1082.1331722244593,1081.7,420.0,0,0,0,0,0.0,1.0,aggressive,140.78669357299805
8,1082.1331722244593,1081.7,420.0,0,0,0,0,0.0,1.0,fortress,140.78669357299805
8,1082.1331722244593,1081.7,420.0,0,0,0,0,0.0,1.0,economy,140.78669357299805
8,1082.1331722244593,1081.7,420.0,0,0,0,0,0.0,0.7,fortress,140.78669357299805
8,1082.1331722244593,1081.7,420.0,0,0,0,0,0.0,0.5,aggressive,140.78669357299805
3,1126.4708325243773,1122.6521678596625,300.0,0,0,0,0,0.0,1.0,balanced,140.78669357299805
3,1126.4708325243773,1122.6521678596625,300.0,0,0,0,0,0.0,1.0,aggressive,140.78669357299805
3,1126.4708325243773,1122.6521678596625,300.0,0,0,0,0,0.0,1.0,fortress,140.78669357299805
3,1126.4708325243773,1122.6521678596625,300.0,0,0,0,0,0.0,1.0,economy,140.78669357299805
3,1126.4708325243773,1122.6521678596625,300.0,0,0,0,0,0.0,0.7,fortress,140.78669357299805
3,1126.4708325243773,1122.6521678596625,300.0,0,0,0,0,0.0,0.5,aggressive,140.78669357299805
10,1181.7846186966378,1181.7,525.0,0,0,0,0,0.0,1.0,balanced,140.78669357299805
10,1181.7846186966378,1181.7,525.0,0,0,0,0,0.0,1.0,aggressive,140.78669357299805
10,1181.7846186966378,1181.7,525.0,0,0,0,0,0.0,1.0,fortress,140.78669357299805
10,1181.7846186966378,1181.7,525.0,0,0,0,0,0.0,1.0,economy,140.78669357299805
10,1181.7846186966378,1181.7,525.0,0,0,0,0,0.0,0.7,fortress,140.78669357299805
10,1181.7846186966378,1181.7,525.0,0,0,0,0,0.0,0.5,aggressive,140.78669357299805
4,1096.0245425236176,1081.7,330.0,0,0,0,0,0.0,1.0,balanced,140.78669357299805
4,1096.0245425236176,1081.7,330.0,0,0,0,0,0.0,1.0,aggressive,140.78669357299805
4,1096.0245425236176,1081.7,330.0,0,0,0,0,0.0,1.0,fortress,140.78669357299805
4,1096.0245425236176,1081.7,330.0,0,0,0,0,0.0,1.0,economy,140.78669357299805
4,1096.0245425236176,1081.7,330.0,0,0,0,0,0.0,0.7,fortress,140.78669357299805
4,1096.0245425236176,1081.7,330.0,0,0,0,0,0.0,0.5,aggressive,140.78669357299805
20,579.1673479653728,80.0,300.0,0,0,0,0,0.0,1.0,balanced,140.78669357299805
20,579.1673479653728,80.0,300.0,0,0,0,0,0.0,1.0,aggressive,140.78669357299805
20,579.1673479653728,80.0,300.0,0,0,0,0,0.0,1.0,fortress,140.78669357299805
20,579.1673479653728,80.0,300.0,0,0,0,0,0.0,1.0,economy,140.78669357299805
20,579.1673479653728,80.0,300.0,0,0,0,0,0.0,0.7,fortress,140.78669357299805
20,579.1673479653728,80.0,300.0,0,0,0,0,0.0,0.5,aggressive,140.78669357299805
1,223.41640494824904,223.41640494824904,100.0,0,0,0,0,0.0,1.0,balanced,140.78669357299805
1,223.41640494824904,223.41640494824904,100.0,0,0,0,0,0.0,1.0,aggressive,140.78669357299805
1,223.41640494824904,223.41640494824904,100.0,0,0,0,0,0.0,1.0,fortress,140.78669357299805
1,223.41640494824904,223.41640494824904,100.0,0,0,0,0,0.0,1.0,economy,140.78669357299805
1,223.41640494824904,223.41640494824904,100.0,0,0,0,0,0.0,0.7,fortress,140.78669357299805
1,223.41640494824904,223.41640494824904,100.0,0,0,0,0,0.0,0.5,aggressive,140.78669357299805
10,1106.852301194862,1105.0013076915338,750.0,0,0,0,0,0.0,1.0,balanced,140.78669357299805
10,1106.852301194862,1105.0013076915338,750.0,0,0,0,0,0.0,1.0,aggressive,140.78669357299805
10,1106.852301194862,1105.0013076915338,750.0,0,0,0,0,0.0,1.0,fortress,140.78669357299805
10,1106.852301194862,1105.0013076915338,750.0,0,0,0,0,0.0,1.0,economy,140.78669357299805
10,1106.852301194862,1105.0013076915338,750.0,0,0,0,0,0.0,0.7,fortress,140.78669357299805
10,1106.852301194862,1105.0013076915338,750.0,0,0,0,0,0.0,0.5,aggressive,140.78669357299805
8,1188.650567716578,1181.7,290.0,0,0,0,0,0.0,1.0,balanced,140.78669357299805
8,1188.650567716578,1181.7,290.0,0,0,0,0,0.0,1.0,aggressive,140.78669357299805
8,1188.650567716578,1181.7,290.0,0,0,0,0,0.0,1.0,fortress,140.78669357299805
8,1188.650567716578,1181.7,290.0,0,0,0,0,0.0,1.0,economy,140.78669357299805
8,1188.650567716578,1181.7,290.0,0,0,0,0,0.0,0.7,fortress,140.78669357299805
8,1188.650567716578,1181.7,290.0,0,0,0,0,0.0,0.5,aggressive,140.78669357299805
